New style  ًںŒٹ ,Ua5tZKYn0Lo,001.webp
Random player thu rank push mawa , is it possible???â€¦.  ًںک…ًںک…ًںک… #freefireteluguvideo ,dSodRY1-jpM,002.webp
After long time mawa 16kills thu vacha mawa ًں¤«ًں¤«ًں¤« #freefireteluguvideo,udOMGamf4Mw,003.webp
Fist Challenge thu vacha mawa mana subscribers Kosam ًںکœًںک‌ًںک› #freefiretelugucomedyvideo ,BQD8EML6Ysk,004.webp
FIRST GAME HACKER VACHADU MAWA ! MARE DARUNAM GA VUNNADU HACKER ًںک‚ًںک‚ًںک‚ #FREEFIRETELUGUCOMEDYVIDEO,aYE7efp5chI,005.webp
E MATCH 27 kills KOTTASA MAMA ًںکپ MAMULAGA VUNDHADHU GAME ًں¤­ًں¤­ #FREEFIRE TELUGU SOLO VS SQUAD GAMEPLAY,G3HjaRcaEGU,006.webp
RANDOM PLAYER AND MAWA GADU ENTRY ًں¤£ًںکپًںکپًں¤£MUST WATCH ًںکپ #freefiretelugucomedy,y_PyA7MAdwg,007.webp
Nipu lo nipu la vastadu anta mawa edu ًں¤£ًں¤£ًں¤£ #freefiretelugugameplay @TMT_OFFICIAL-y2x,z9mmYjxE-YU,008.webp
Focus on career gf is temporary success is pregnancy ًں¤­ #freefiretelugusolovssqu@TMT_OFFICIAL-y2x,TV24U-hSl_o,009.webp
Solo VS Squad op onetaps gameplay ًںکژًںکژًںکژ Dangerous gameplay âœ…âœ… @TMT_OFFICIAL-y2x,YW5PQLmqWI0,010.webp
One of my waste games ًں¥¸ًں¥¸ًں¥¸ almost 4games dhobeta mawa ًں¤£ًں¤£ًں¤£ @TMT_OFFICIAL-y2x,DOi5cSDYEy8,011.webp
M1887 FULL GAMEPLAY VIDEOًںک— FOR SUBSCRIBERS ًںک‰ًںکٹًںکٹ 22 KILLS CHALLENGE ًں¥¸ #FREEFIRETELUGUVIDEO,NqjvrDj-tMU,012.webp
41 KILLS ًں’ھ M14+MP40 99%Headshot Rate âڑ، Solo Vs Squad Full Gameplay  intel i5 ًں–¥ Freefire,ir4DoLAEm6E,013.webp
49 KILLS ًں’ھ M14+MP40 99%Headshot Rate âڑ، Solo Vs Squad Full Gameplay  intel i5 ًں–¥ Freefire,ILj1V16R7qE,014.webp
34 KILLS  ًں’ھ AUG + UMP 99% Headshot Rate âڑ،| Solo Vs Squadًںھ‚[ Full Gameplay ] Intel i5 ًں’» FreeFire,4HHmUPqTWVg,015.webp
41 KILLS ًں’ھ M14+MP40 99%Headshot Rate âڑ، Solo Vs Squad Full Gameplay  intel i5 ًں–¥ Freefire,-E5HE48R7kA,016.webp
44 KILLS ًں’ھ M14+MP40 99%Headshot Rate âڑ، Solo Vs Squad Full Gameplay  intel i5 ًں–¥ Freefire,5AaC0bBkidM,017.webp
44 KILLS ًں’ھ M14+MP40 99%Headshot Rate âڑ، Solo Vs Squad Full Gameplay  intel i5 ًں–¥ Freefire,TjerS4at4n4,018.webp
34 KILLS ًں’ھ M14+MP40 99%Headshot Rate âڑ، Solo Vs Squad Full Gameplay  intel i5 ًں–¥ Freefire,ImyxFCwBt48,019.webp
34 KILLS ًں’ھ M14+MP40 99%Headshot Rate âڑ، Solo Vs Squad Full Gameplay  intel i5 ًں–¥ Freefire,qus2uKFkprs,020.webp
34 KILLS ًں’ھ M14+MP40 99%Headshot Rate âڑ، Solo Vs Squad Full Gameplay  intel i5 ًں–¥ Freefire,4FFPbX-FFfo,021.webp
34 KILLS ًں’ھ M14+MP40 99%Headshot Rate âڑ، Solo Vs Squad Full Gameplay  intel i5 ًں–¥ Freefire,4EfW8nZvmcI,022.webp
34 KILLS ًں’ھ M14+MP40 99%Headshot Rate âڑ، Solo Vs Squad Full Gameplay  intel i5 ًں–¥ Freefire,zZUdKIl9e-A,023.webp
34 KILLS ًں’ھ M14+MP40 99%Headshot Rate âڑ، Solo Vs Squad Full Gameplay  intel i5 ًں–¥ Freefire,aDsDHm2j2ow,024.webp
Grandmaster Lobbyًںک±54 Killsًں’ھ99% Headshot Rateâڑ،| Solo Vs Squad Full Gameplay | intel i5 ًں–¥ Freefire,NKxQJNZHbKU,025.webp
Grandmaster Lobbyًںک±41 Killsًں’ھ99% Headshot Rateâڑ،| Solo Vs Squad Full Gameplay | intel i5 ًں–¥ Freefire,RvpHoOBVmWk,026.webp
27 kills ًں’ھSVD+M1887 99% Headshot Rate âڑ،| Solo Vs Squad Full Gameplay | intel i5 ًں–¥ Freefire,93F07IN4No0,027.webp
35 kills ًں’ھ WOODPECKER +M1887 99%Headshot Rate âڑ،| Duo Vs Squad Full Gameplay | intel i5 ًں–¥ Freefire,RGc4rv_O3Rg,028.webp
27 kills ًں’ھSVD+M1887 99% Headshot Rate âڑ،| Solo Vs Squad Full Gameplay | intel i5 ًں–¥ Freefire,k65mHszG6Lk,029.webp
39 Kills ًںژ¯ Fastest IPAD Player âڑ، | BR Rank Epic Full Gameplay | Free Fire MAX ًں“²,ESyJma5m9PI,030.webp
47 Kills ًںژ¯ Fastest IPAD Player âڑ، | Solo Vs Squad Epic Full Gameplay | Free Fire MAX ًں“²,CdBTFlee1HU,031.webp
39 Kills ًںژ¯ Fastest IPAD Player âڑ، | Solo Vs Squad Epic Full Gameplay | Free Fire MAX ًں“²,h2lFQhe9zWw,032.webp
39 Kills ًںژ¯ Fastest IPAD Player âڑ، | Solo Vs Squad Epic Full Gameplay | Free Fire MAX ًں“²,lpXMJWxQ1Jk,033.webp
38 Kills ًںژ¯ Fastest IPAD Player âڑ، | Solo Vs Squad Epic Full Gameplay | Free Fire MAX ًں“²,czUwlo2hvsU,034.webp
43 Kills ًںژ¯ Fastest IPAD Player âڑ، | Solo Vs Squad Epic Full Gameplay | Free Fire MAX ًں“²,8bQZRXkempQ,035.webp
47 Kills ًںژ¯ Fastest IPAD Player âڑ، | Solo Vs Squad Epic Full Gameplay | Free Fire MAX ًں“²,5QlZANdZ1Jg,036.webp
39 Kills ًںژ¯ Fastest IPAD Player âڑ، | Solo Vs Squad Epic Full Gameplay | Free Fire MAX ًں“²,jISWMKUeWdY,037.webp
30 Kills ًںژ¯ Fastest IPAD Player âڑ، | Solo Vs Squad Epic Full Gameplay | Free Fire MAX ًں“²,N0FO5RVAa5s,038.webp
34 Kills ًںژ¯ Fastest IPAD Player âڑ، | Solo Vs Squad Epic Full Gameplay | Free Fire MAX ًں“²,PrVIf0Po9Hs,039.webp
39 Kills ًںژ¯ Fastest IPAD Player âڑ، | Solo Vs Squad Epic Full Gameplay | Free Fire MAX ًں“²,uiVMDtrFvlI,040.webp
30 Kills ًںژ¯ Fastest IPAD Player âڑ، | Solo Vs Squad Epic Full Gameplay | Free Fire MAX ًں“²,ho6ULufdokI,041.webp
34 KILLS IPAD PLAYER 99% Headshot Rateâڑ،| Solo Vs Squad Full Gameplay | iPad 9 ًں–¥ Freefire,Ci2Eb-KDTs0,042.webp
35 KILLS IPAD PLAYER 99% Headshot Rateâڑ،| Solo Vs Squad Full Gameplay | iPad 9 ًں–¥ Freefire,qB04cNvK_XM,043.webp
29 KILLS IPAD PLAYER 99% Headshot Rateâڑ،| Solo Vs Squad Full Gameplay | iPad 9 ًں–¥ Freefire,91HZeik9V-4,044.webp
27 KILLS IPAD PLAYER 99% Headshot Rateâڑ،| Solo Vs Squad Full Gameplay | iPad 9 ًں–¥ Freefire,_DYhu2YKSok,045.webp
22 KILLS IPAD PLAYER 99% Headshot Rateâڑ،| Solo Vs Squad Full Gameplay | iPad 9 ًں–¥ Freefire,3LBMOGpuzM4,046.webp
37 KILLS IPAD PLAYER 99% Headshot Rateâڑ،| Solo Vs Squad Full Gameplay | iPad 9 ًں–¥ Freefire,4DcXPeL2ce8,047.webp
37 KILLS NO.1 IPAD PLAYER 99% Headshot Rateâڑ،| Solo Vs Squad Full Gameplay | iPad 9 ًں–¥ Freefire,KbQAiVu40Vw,048.webp
99% Headshot Rateâڑ،| Duo Vs Squad Full Gameplay | iPad 9 ًں–¥ Freefire,MitrMYm7g5g,049.webp
iPhone  ًں’ھ99% Headshot Rateâڑ،| solo,duo,squad Vs Squad | Full Gameplay | iPad 9 ًں–¥ Freefire,X2V1WbC5R_E,050.webp
iPhone  ًں’ھ99% Headshot Rateâڑ،| solo,duo,squad Vs Squad | Full Gameplay | iPad 9 ًں–¥ Freefire,IZYt8DaavZM,051.webp
iPhone  ًں’ھ99% Headshot Rateâڑ،| solo,duo,squad Vs Squad | Full Gameplay | iPad 9 ًں–¥ Freefire,-RDc66YMoww,052.webp
ًں’ھ99% Headshot Rateâڑ،| solo,duo,squad Vs Squad | Full Gameplay | iPad 9 ًں–¥ Freefire,ZgwnLxu6M8I,053.webp
AWM KING ًں’ھ99% Headshot Rateâڑ،| solo,duo,squad Vs Squad | Full Gameplay | iPad 9 ًں–¥ Freefire,17TgG9d01lc,054.webp
SNIPER ًں’ھ99% Headshot Rateâڑ،| Duo Vs Squad Full Gameplay | iPad 9 ًں–¥ Freefire,mlt-tFNciLI,055.webp
AWM KING ًں’ھ99% Headshot Rateâڑ،| Duo Vs Squad Full Gameplay | iPad 9 ًں–¥ Freefire,PHvf9cy_8Lo,056.webp
Ump ًں’ھ99% Headshot Rateâڑ،| Duo Vs Squad Full Gameplay | iPad 9 ًں–¥ Freefire,t43wx9B9kK0,057.webp
M4A1 + UMP ًں’ھ99% Headshot Rateâڑ،| Duo Vs Squad Full Gameplay | iPad 9 ًں–¥ Freefire,H5zKuFmX1bw,058.webp
DHEBBA DEBBA SHORT FLIM FREEFIRE FULL OF FUN DONT MISS TELUGUCOMEDY  #freefireshortfilm #film,rzsnkyQPLZo,059.webp
DEBBA DEBBA SHORT FLIM TITLE SONG RELEASE FREE FIRE #freefireshortflim #flim,6rtrU4tuz64,060.webp
DHEBBA DEBBA SHORT FLIM TRAILER FREEFIRE MUST WATCH DONT MISS TELUGUCOMEDY  #freefireshortfilm #film,CPVs6uMHgdY,061.webp
Highlightâ€™s of thi month ًںک‚ًںک‚with fun #freefiretelugucomedy,LdHySKW8PhE,062.webp
TOP 10 TIPS AND TRICKS FOR CS RANK  AFTER NEW SEASON | cs rank tips and tricks | TMT_OFFICIAL,gXrHYon_r4g,063.webp
37 KILLS  ًں’ھ 99% Headshot Rate âڑ،| Solo Vs Squadًںھ‚[ Full Gameplay ] IPAD 9th GENERATION ًں’» FreeFire,NDqq4cG7shE,064.webp
GRANDMASTER  LOBBY 99% Headshot Rate âڑ،| Duo Vs Squadًںھ‚[ Full Gameplay ] Intel i5 ًں’» FreeFire,p9ymxqSUUcg,065.webp
37 KILLS  ًں’ھ 99% Headshot Rate âڑ،| Solo Vs Squadًںھ‚[ Full Gameplay ] Intel i5 ًں’» FreeFire,32Et4lreII4,066.webp
37 KILLS  ًں’ھ 99% Headshot Rate âڑ،| Solo Vs Squadًںھ‚[ Full Gameplay ] IPAD 9th GENERATION ًں’» FreeFire,sH9ftqYP7qw,067.webp
37 KILLS  ًں’ھ PARFAL + UMP  99% Headshot Rate âڑ،| Solo Vs Squadًںھ‚[ Full Gameplay ] Intel i5 ًں’» FreeFire,a1yFArJ6PY8,068.webp
37 KILLS  ًں’ھ SCAR + UMP 99% Headshot Rate âڑ،| Solo Vs Squadًںھ‚[ Full Gameplay ] Intel i5 ًں’» FreeFire,Jb2Tkh-V370,069.webp
39 KILLS  ًں’ھ M1014 + AUG 99% Headshot Rate âڑ،| Solo Vs Squadًںھ‚[ Full Gameplay ] Intel i5 ًں’» FreeFire,mKPl51XRPfU,070.webp
31 kills ًں’ھGRANDMASTER  LOBBY 99% Headshot Rate âڑ،| Duo Vs Squadًںھ‚[ Full Gameplay ] Intel i5 ًں’» FreeFire,X5x98c5UFxE,071.webp
34 KILLS  ًں’ھ AUG + UMP 99% Headshot Rate âڑ،| Solo Vs Squadًںھ‚[ Full Gameplay ] Intel i5 ًں’» FreeFire,jkmFZasTPxU,072.webp
37 KILLS  ًں’ھ UMP+ WOODPECKER 99% Headshot Rate âڑ،| Solo Vs Squadًںھ‚[ Full Gameplay ] Intel i5 ًں’» FreeFire,YD-65ed8CTI,073.webp
HARD LOBBY ًں’ھ UMP + M4A1 99% Headshot Rate âڑ،| Solo Vs Squadًںھ‚[ Full Gameplay ] Intel i5 ًں’» FreeFire,po3xk-ONhk4,074.webp
31 kills ًں’ھ WOODPECKER + UMP 99% Headshot Rate âڑ،| Duo Vs Squadًںھ‚[ Full Gameplay ] Intel i5 ًں’» FreeFire,stdoycU1gRM,075.webp
38 kills ًں’ھ XM8+UMP 99% Headshot Rate âڑ،| Duo Vs Squadًںھ‚[ Full Gameplay ] Intel i5 ًں’» FreeFire,a-wOR8PQcwM,076.webp
Anna Nenu Malla vachina ًںک‚ًںک‚ًںک‚|| free fire Telugu videos || #freefireindia #freefire,Gy-LlKY5FqE,077.webp
CS SERIOUS RANK PUSHING WITH TMT SQUAD ًںک‚ًںک‚ #freefire #freefireindianewlaunchdate,6oTVeVfY56w,078.webp
Grandmaster pushing anta antoo Mari ًںک‚ًںک‚ #freefire #freefireindia,Ijy0JnfKtDI,079.webp
Ma team motham bookha Ayya ًںک¤ًںک¤ًںک¤ #freefireindia #freefirevideo #freefire,tzoFi7UKKEY,080.webp
Mantho revenge mamulga vudadhu ًںکˆًںکˆ #freefireindia,pLmM-ky_lQQ,081.webp
Nadhi nena Lapu kunta no double meaning ًںک‚ًںک‚ًںک‚ #freefireindia,OeVP6sySp00,082.webp
Rey avra Meru Nenu Ami papam chasnu RA Meka ًں¥¶ًں¥¶ #freefireindia,qlFBJT3H5v8,083.webp
Anti Sudha edhi nenu sachipoyna patinchukodha ًںک‚ًںک‚ #freefireindia,f1usS7fjCH8,084.webp
Na loot kuda mera versthey nenu Ami chayli ًںک‚ًںک‚ًںک‚ #freefireindia,ECk5pbi3zsU,085.webp
Adhira aya ame chasthunav ًںک‚ًںک‚ًںک‚ًںک‚ #freefireinida,4AbIaRMOS4Q,086.webp
DINAMMA ANI TEAMWIPE OUTS ANTI RA ًںک±ًںک± #freefireindia,zzsP1gnceAI,087.webp
Rey Avra Meru na kills dobesthunaru ًںک‚ًںک‚ًںک‚ #freefireindia,P_Rrx1FcnL4,088.webp
You go I go ًںک‚ًںک‚ drag anna rank push ًںک‚ًںک‚,EGzJu_-uOis,089.webp
Health hackers la vunnadu mawa edu ًںک‚ًںک‚ #freefireindia,7-IJyEV8tXY,090.webp
DINAMMA ANI SARLU CHAMPUTHARU RA ًں¥¶ًں¥¶ #freefireindia,nvd4aB-_HiY,091.webp
Ayoo ayoo kill lu motham poyeya ًںک‚ًںک‚ #freefireindia,qUG2ciIvPIc,092.webp
Edhi manki oka akari avkasam ًںک…ًںک…#freefireindia,Zz16WRL34do,093.webp
Mawa eroju oka okadki Chaka bajena ًں¤¬ًں¤¬â€¼ï¸ڈ,w5YngWn_uYc,094.webp
Single sitting 10kills doberu mawa vellu ًں™ڈًں™ڈًں¤£ًں¤£ #freefireindia,PGS8CJ9davM,095.webp
Endhi mawa ma squad motha donga na kodkulu ًںک‚ًںک‚ #freefireindia,fxeDzWr7oeg,096.webp
Game lu mardhala gola antra babu ًںک‚ًںک‚ًںک‚ #freefireindia,eODYKQnZXI4,097.webp
New bundle thu 4vs4 match  ًںک‚ًںک‚ًںک‚ #freefireindia,HgKYgjn9mIU,098.webp
Diwali kosam video ready chai boyi na video dobata ًںک‚ #freefireindia,lrtFCMc-eF8,099.webp
â€¼ï¸ڈ Ma squad lu motham donga na kodakaley ًںک‚ًںک‚#freefireindia,Up0G_DRr9bA,100.webp
Full of 18+ mawa donâ€™t watch it ًں¥¶ًں¥¶ #freeifreindia,jZF7kaE1PVo,101.webp
â€¼ï¸ڈ kotenchukoni navuthav à°ڈà°‚à°ںà°؟ à°°à°¾ à°¯à±†à°°à±چà°°à°؟ à°ھà±پà°µà°¾ ًںک‚ًںک‚ًںک‚,-FO7bD3b7RI,102.webp
â€¼ï¸ڈMa team motham donga na kadakulu mawaًںک‚ًںک‚#freefireindia,ZZ2PlM3tmKU,103.webp
Diwali cup game kosam nana thipalu Padam bro ًںک‚ًںک‚#freefireindia,11baKS2eTZ4,104.webp
!! Emana padadha Anna woodpecker u edhi Varu anthey,WSnk84sSJWc,105.webp
Malli dheba Asdu mawa ًںک‚ًںک‚â€¼ï¸ڈâ€¼ï¸ڈ,HtsBWYfeEjw,106.webp
Inspired by Dhanu dino only ump challenge solo vs squad ًںکˆâ€¼ï¸ڈ,AVCaQlz2_hk,107.webp
19 kills kodthey 29+ padendhi mawa chala mossam jargendhi ًں¤¬ًں¤¬ #freefire #funny #freefirevideos,_huqcZYRTnQ,108.webp
â€¼ï¸ڈVellu akkada camperlu roy ًںک°ًںک° duo vs squad full funny mawaoo ًںک‚ًںک‚ #freefire #funny #funnyvideo,gKAcdG0cX_E,109.webp
Part -2 ًں¤£meelo evaru koteeswarudu show with adams ًںک‚full of funny #freefire  #funnyvideo #tmtrockyyt,D12qWVebKA8,110.webp
ًں¤£meelo evaru koteeswarudu show with adams ًںک‚ًںک‚ًںک‚full of funny #freefire #funny #funnyvideo #tmtrockyyt,UD6xJcni7Ck,111.webp
999+ prank dheba aendhi mawaâ€¦â€¦â€¦.ًںک‚ًںک‚ًں¤£ًں¤£ #freefire #funny #funnyvideo #teamtelugu007,feUYZ-HTH6I,112.webp
TMT_VR à°µà°؟à°° à°®à°°à±چà°£à°‚ chusi tmt squad pandaga chasukuntudhi ًںک‚ًںک‚ًںک‚ #freefire #funny #funnyvideos #tmtrockyyt,vvGii2k4pcs,113.webp
à°¨à°¾à°•à±€ à°§à±‡à°¬ à°µà°¾à°¸à°µà±پ à°•à°§ à°®à°ڑà°¾ ًںک‚ًںک‚ًںک‚ًںک‚ full funny video #freefire #funny #trending,psjM-5wyhL8,114.webp
à°†à°،à°®à±چ à°—à°¾à°،à°؟ à°ھà±چà°°à±‡à°® à°¨à°؟ à°¨à±‡à°¨à±پ à°ڑà°‚à°ھà°¸à°¾ًںک‚ًںک‚|| full funny video 1vs4 || #funnyvideo #TMT_ROCKY_YT,LE2hf_T4v48,115.webp
impossible ًںژ¯ًںژ¯ًںژ¯,Bi7I3ZKnJxo,116.webp
39 Kills ًں’ھ XM8 + MP40 99% Headshot Rate âڑ، | Solo Vs Squadًںھ‚[ Full Gameplay ] Intel i5 ًں’» FreeFire,jROJ57aLPDk,117.webp
37 Kills ًں’ھ XM8 + MP40 99% Headshot Rate âڑ، | Solo Vs Squadًںھ‚[ Full Gameplay ] Intel i5 ًں’» FreeFire,4JuiYHqLrKQ,118.webp
37 Kills ًں’ھ XM8 + MP40 99% Headshot Rate âڑ، | Solo Vs Squadًںھ‚[ Full Gameplay ] Intel i5 ًں’» FreeFire,QrAUBoB45GM,119.webp
39 Kills ًں’ھ XM8 + MP40 99% Headshot Rate âڑ، | Solo Vs Squadًںھ‚[ Full Gameplay ] Intel i5 ًں’» FreeFire,BLhK8jYeD54,120.webp
ONLY ADAM NO INTERNET PRANK IN CLASH SQUAD - GARENA FREE FIRE,qm3QoovNEv4,121.webp
37 Kills ًں’ھ M4A1 + MP40 99% Headshot Rate âڑ، | Solo Vs Squadًںھ‚[ Full Gameplay ] Intel i5 ًں’» FreeFire,5EIxEC8j7q4,122.webp
37 Kills ًں’ھ XM8 + MP40 99% Headshot Rate âڑ، | Solo Vs Squadًںھ‚[ Full Gameplay ] Intel i5 ًں’» FreeFire,05G46H4KLAY,123.webp
39 Kills ًں’ھ XM8 + MP40 99% Headshot Rate âڑ، | Solo Vs Squadًںھ‚[ Full Gameplay ] Intel i5 ًں’» FreeFire,LSRPLqwx0y0,124.webp
47 Kills ًں’ھ M4A1 + THAOMSON 99% Headshot Rate âڑ، | Solo Vs Squadًںھ‚[ Full Gameplay ] Intel i5 ًں’» FreeFire,c-dyyQmh71o,125.webp
Today tournament highlights ًںکˆًںک±ًںک±â€¦. 99% Headshot Rate âڑ، | ًںھ‚[ Full highlights ] Intel i5 ًں’» FreeFire,z-Gt7lUPCWA,126.webp
47 Kills ًں’ھ M4A1 + THAOMSON 99% Headshot Rate âڑ، | Solo Vs Squadًںھ‚[ Full Gameplay ] Intel i5 ًں’» FreeFire,5X4-5MvuCmo,127.webp
54 Kills ًں’ھ M4A13 + UMP 99% Headshot Rate âڑ، | Solo Vs Squadًںھ‚[ Full Gameplay ] Intel i5 ًں’» FreeFire,ADxtp0DUOVc,128.webp
36 Killsًں’ھ WOODPECKER + UMP 99% Headshot Rate âڑ، | Solo Vs Squadًںھ‚[ Full Gameplay ] Intel i5 ًں’» FreeFire,1vej8tPOplA,129.webp
47 Kills ًں’ھ M4A1 + THAOMSON 99% Headshot Rate âڑ، | Solo Vs Squadًںھ‚[ Full Gameplay ] Intel i5 ًں’» FreeFire,xCjVDBWV39E,130.webp
29 Kills ًں’ھ M4A13 + M1887 99% Headshot Rate âڑ، | Solo Vs Squadًںھ‚[ Full Gameplay ] Intel i5 ًں’» FreeFire,ims-CSDvMCQ,131.webp
29 Kills ًں’ھ M4A13 + M1887 99% Headshot Rate âڑ، | Solo Vs Squadًںھ‚[ Full Gameplay ] Intel i5 ًں’» FreeFire,75LcSFCbJRM,132.webp
37 Kills ًں’ھ SKS +UMP  99% Headshot Rate âڑ، | Solo Vs Squadًںھ‚[ Full Gameplay ] Intel i5 ًں’» FreeFire,wlTapeep9W8,133.webp
23 Kills ًں’ھ XM8 +M1887 99% Headshot Rate âڑ، | Solo Vs Squadًںھ‚[ Full Gameplay ] Intel i5 ًں’» FreeFire,sakLMk1A6sw,134.webp
Grandmaster Lobbyًںک±41 Killsًں’ھ99% Headshot Rateâڑ،| squad Vs Squad Full Gameplay | intel i5 ًں–¥ Freefire,Xwxscyu3Yzo,135.webp
Grandmaster Lobbyًںک±XM8+UMP 99% Headshot Rateâڑ،| Solo Vs Squad Full Gameplay | intel i5 ًں–¥ Freefire,CETJFXPZW3s,136.webp
GRANDMASTER LOBBY ًں¥´99% HEADSHOT RATE \\ SOLO VS SQUAD ًں‘؟// IPAD 9th generation ًں–¥ï¸ڈ FREE FIRE,wrqTfFdDpqc,137.webp
Grandmaster Lobbyًںک±XM8+UMP 99% Headshot Rateâڑ،| Solo Vs Squad Full Gameplay | intel i5 ًں–¥ Freefire,cdxZwou4PIk,138.webp
IMPOSSIBLEًںژ¯LOBBYًںک± 99% Headshot Rateâڑ،| Solo Vs Squad Full Gameplay | intel i5 ًں–¥ Freefire,k95q-8zyGxs,139.webp
Grandmaster Lobbyًںک±XM8+UMP 99% Headshot Rateâڑ،| Solo Vs Squad Full Gameplay | intel i5 ًں–¥ Freefire,VFdGEIzZj0w,140.webp
Grandmaster Lobbyًںک±99% Headshot Rateâڑ،| Solo Vs Squad Full Gameplay | intel i5 ًں–¥ Freefire,7YPakHG61Xo,141.webp
PEAK KINGًں‘‘M4A1 + MACO10 99% Headshot Rateâڑ،| Solo Vs Squad Full Gameplay | intel i5 ًں–¥ Freefire,vvIn67nEyrU,142.webp
Grandmaster Lobbyًںک±99% Headshot Rateâڑ،| Solo Vs Squad Full Gameplay | intel i5 ًں–¥ Freefire,VKhk4qyW7O8,143.webp
PEAK KINGًں‘‘M4A1 + MACO10 99% Headshot Rateâڑ،| Solo Vs Squad Full Gameplay | intel i5 ًں–¥ Freefire,z70LLVnR8To,144.webp
Grandmaster Lobbyًںک±41 Killsًں’ھ99% Headshot Rateâڑ،| Solo Vs Squad Full Gameplay | intel i5 ًں–¥ Freefire,8Abc4d4tLoo,145.webp
27 kills ًں’ھSVD+M1887 99% Headshot Rate âڑ،| Solo Vs Squad Full Gameplay | intel i5 ًں–¥ Freefire,jg1NWMNR2dw,146.webp
PEAK KINGًں‘‘M4A1 + MACO10 99% Headshot Rateâڑ،| Solo Vs Squad Full Gameplay | intel i5 ًں–¥ Freefire,Ox71KyJEck8,147.webp
Grandmaster Lobbyًںک±99% Headshot Rateâڑ،| Solo Vs Squad Full Gameplay | intel i5 ًں–¥ Freefire,nGSskdT0gWY,148.webp
PEAK KINGًں‘‘M4A1 + MACO10 99% Headshot Rateâڑ،| Solo Vs Squad Full Gameplay | intel i5 ًں–¥ Freefire,KpxhvmbaqTg,149.webp
27 kills ًں’ھSVD+M1887 99% Headshot Rate âڑ،| Solo Vs Squad Full Gameplay | intel i5 ًں–¥ Freefire,oyiP9R7D_ew,150.webp
Grandmaster Lobbyًںک±41 Killsًں’ھ99% Headshot Rateâڑ،| Solo Vs Squad Full Gameplay | intel i5 ًں–¥ Freefire,v5Ij4M97w_Y,151.webp
Grandmaster Lobbyًںک±41 Killsًں’ھ99% Headshot Rateâڑ،| Solo Vs Squad Full Gameplay | intel i5 ًں–¥ Freefire,y8_NTaeUQLU,152.webp
PEAK KINGًں‘‘M4A1 + MACO10 99% Headshot Rateâڑ،| Solo Vs Squad Full Gameplay | intel i5 ًں–¥ Freefire,FI6qefRAUwc,153.webp
Grandmaster Lobbyًںک±41 Killsًں’ھ99% Headshot Rateâڑ،| Solo Vs Squad Full Gameplay | intel i5 ًں–¥ Freefire,2BM1_h0Jum0,154.webp
Grandmaster Lobbyًںک±41 Killsًں’ھ99% Headshot Rateâڑ،| Solo Vs Squad Full Gameplay | intel i5 ًں–¥ Freefire,WvQhnRYRAPg,155.webp
HARD LOBBYًںک±M14+UMP 99% Headshot Rateâڑ،| Solo Vs Squad Full Gameplay | intel i5 ًں–¥ Freefire,QP3ixei2wXQ,156.webp
47 kills ًں’ھSVD+M1887 99% Headshot Rate âڑ،| Solo Vs Squad Full Gameplay | intel i5 ًں–¥ Freefire,VmLV1cy0P74,157.webp
PEAK KINGًں‘‘M4A1 + MACO10 99% Headshot Rateâڑ،| Solo Vs Squad Full Gameplay | intel i5 ًں–¥ Freefire,k2CKufZE2xY,158.webp
Mind Game ًں§ SVD-Y + UMP 99% Headshot Rateâڑ،| Solo Vs Squad Full Gameplay | intel i5 ًں–¥ Freefire,bukEFTL9pyU,159.webp
18 kills ًں’ھWOODPEAKER +UMP 99% Headshot Rate âڑ،| Duo Vs Squad Full Gameplay | intel i5 ًں–¥ Freefire,gRTtBicXbtc,160.webp
Grandmaster Lobbyًںک±32 Kills ًں’ھ99% Headshot Rateâڑ،| Solo Vs Squad Full Gameplay | intel i5 ًں–¥ Freefire,4x6UAwHpo1Y,161.webp
23 kills ًں’ھXM8+M1887 99% Headshot Rate âڑ،| Solo Vs Squad Full Gameplay | intel i5 ًں–¥ Freefire,rwzOsgDUdBQ,162.webp
Grandmaster Lobbyًںک±41 Killsًں’ھ99% Headshot Rateâڑ،| Solo Vs Squad Full Gameplay | intel i5 ًں–¥ Freefire,83d2sn0rQK8,163.webp
PEAK KINGًں‘‘M4A1 + MACO10 99% Headshot Rateâڑ،| Solo Vs Squad Full Gameplay | intel i5 ًں–¥ Freefire,qZC12ShSZdE,164.webp
Grandmaster Lobbyًںک±41 Killsًں’ھ99% Headshot Rateâڑ،| Solo Vs Squad Full Gameplay | intel i5 ًں–¥ Freefire,26PgjaqEa38,165.webp
Grandmaster Lobbyًںک±41 Killsًں’ھ99% Headshot Rateâڑ،| Solo Vs Squad Full Gameplay | intel i5 ًں–¥ Freefire,_6stJdMzUig,166.webp
PEAK KINGًں‘‘M4A1 + MACO10 99% Headshot Rateâڑ،| Solo Vs Squad Full Gameplay | intel i5 ًں–¥ Freefire,S10ZSU3vX8Y,167.webp
Grandmaster Lobbyًںک±41 Killsًں’ھ99% Headshot Rateâڑ،| Solo Vs Squad Full Gameplay | intel i5 ًں–¥ Freefire,rjlPemvxI5U,168.webp
Grandmaster Lobbyًںک±41 Killsًں’ھ99% Headshot Rateâڑ،| Solo Vs Squad Full Gameplay | intel i5 ًں–¥ Freefire,7Ksun_jiRY0,169.webp
Grandmaster Lobbyًںک± 31 killsًں’ھ 99% Headshot Rateâڑ،| Solo Vs Squad Full Gameplay | intel i5 ًں–¥ Freefire,HqWUWiHcziY,170.webp
47 kills ًں’ھSVD+M1887 99% Headshot Rate âڑ،| Solo Vs Squad Full Gameplay | intel i5 ًں–¥ Freefire,z12tjuXWHfo,171.webp
Grandmaster Lobbyًںک±41 Killsًں’ھ99% Headshot Rateâڑ،| Solo Vs Squad Full Gameplay | intel i5 ًں–¥ Freefire,pcX7W53dss4,172.webp
Grandmaster Lobbyًںک± 31 killsًں’ھ 99% Headshot Rateâڑ،| Solo Vs Squad Full Gameplay | intel i5 ًں–¥ Freefire,IJXZ1-BGkKg,173.webp
PEAK KINGًں‘‘M4A1 + MACO10 99% Headshot Rateâڑ،| Solo Vs Squad Full Gameplay | intel i5 ًں–¥ Freefire,sCl6kkvCAlU,174.webp
Grandmaster Lobbyًںک±41 Killsًں’ھ99% Headshot Rateâڑ،| Solo Vs Squad Full Gameplay | intel i5 ًں–¥ Freefire,E2I5xtaqPuk,175.webp
Grandmaster Lobbyًں¥µ99% Headshot Rateâڑ،| Duo Vs Squad Full Gameplay | intel i5 ًں–¥ Freefire,ZwjVT7UgrIA,176.webp
47 kills ًں’ھSVD+M1887 99% Headshot Rate âڑ،| Solo Vs Squad Full Gameplay | intel i5 ًں–¥ Freefire,QaaJqwy4B0M,177.webp
PEAK KINGًں‘‘M4A1 + MACO10 99% Headshot Rateâڑ،| Solo Vs Squad Full Gameplay | intel i5 ًں–¥ Freefire,YazI3QBmpcc,178.webp
27 kills ًں’ھSVD+M1887 99% Headshot Rate âڑ،| Solo Vs Squad Full Gameplay | intel i5 ًں–¥ Freefire,vbdrx-I8jZs,179.webp
Grandmaster Lobbyًںک±41 Killsًں’ھ99% Headshot Rateâڑ،| Solo Vs Squad Full Gameplay | intel i5 ًں–¥ Freefire,a5rMuVzLHMk,180.webp
31 killsًں’ھWOODPECER+MP40 99% Headshot Rateâڑ،| Solo Vs Squad Full Gameplay | intel i5 ًں–¥ Freefire,RovpGpb1YDc,181.webp
Grandmaster Lobbyًںک±41 Killsًں’ھ99% Headshot Rateâڑ،| Solo Vs Squad Full Gameplay | intel i5 ًں–¥ Freefire,nzCRmvlqK64,182.webp
27 kills ًں’ھSVD+M1887 99% Headshot Rate âڑ،| Solo Vs Squad Full Gameplay | intel i5 ًں–¥ Freefire,CM4DIh1izBw,183.webp
27 kills ًں’ھSVD+M1887 99% Headshot Rate âڑ،| Solo Vs Squad Full Gameplay | intel i5 ًں–¥ Freefire,w80jZ7_uHxY,184.webp
PEAK KINGًں‘‘M4A1 + MACO10 99% Headshot Rateâڑ،| Solo Vs Squad Full Gameplay | intel i5 ًں–¥ Freefire,fTAK77CkN9Y,185.webp
Grandmaster Lobbyًںک±41 Killsًں’ھ99% Headshot Rateâڑ،| Solo Vs Squad Full Gameplay | intel i5 ًں–¥ Freefire,IxBlqUfeBP0,186.webp
Mind Game ًں§ SVD-Y + UMP 99% Headshot Rateâڑ،| Solo Vs Squad Full Gameplay | intel i5 ًں–¥ Freefire,G514bYhUt0k,187.webp
Grandmaster Lobbyًںک±41 Killsًں’ھ99% Headshot Rateâڑ،| Solo Vs Squad Full Gameplay | intel i5 ًں–¥ Freefire,9mEOY7POgv8,188.webp
ROCKY_FF  ًں’ھMP40 +M1887 99% Headshot Rateâڑ،| Solo Vs Squad Facecam Full Gameplay | intel i5 ًں–¥ Freefire,qVVnyD7uRes,189.webp
ROCKY_FF  ًں’ھMP40 +M1887 99% Headshot Rateâڑ،| Solo Vs Squad Facecam Full Gameplay | intel i5 ًں–¥ Freefire,ZvNgxWWgdZ0,190.webp
ROCKY_FF ًںک± XM8 + UMP ًں‘؟ 99% Headshot Rateâڑ،| Solo Vs Squad Full Gameplay | intel i5 ًں–¥ Freefire,Xw6OR4Mjhg0,191.webp
ROCKY_FFًںک± XM8 Jump headshots ًں‘؟ 99% Headshot Rateâڑ،| Solo Vs Squad Full Gameplay | intel i5 ًں–¥ Freefire,E5z_ujq4qSk,192.webp
ROCKY_FF ًںک± M249X + MP40 ًں‘؟ 99% Headshot Rateâڑ،| Solo Vs Squad Full Gameplay | intel i5 ًں–¥ Freefire,Hw3y-l5SZNU,193.webp
ROCKY_FF ًںک± M4A1 + M1887 ًں‘؟ 99% Headshot Rateâڑ،| Solo Vs Squad Full Gameplay | intel i5 ًں–¥ Freefire,nLKoUv9jBbA,194.webp
99% Headshot Rateâڑ،| Solo Vs Squad Full Gameplay | intel i5 ًں–¥ Freefire,U5Lyuil474g,195.webp
Grandmaster Lobbyًں¥µ 99% Headshot Rateâڑ،| Solo Vs Squad Full Gameplay | intel i5 ًں–¥ Freefire,BF15Qtcffbc,196.webp
PEAK KINGًں‘‘29 Killsًں’ھXM8+MP40 99% Headshot Rateâڑ،| Solo Vs Squad Full Gameplay | intel i5 ًں–¥ Freefire,CrosVid2Lz0,197.webp
Grandmaster Lobbyًںک±99% Headshot Rateâڑ،| Solo Vs Squad Full Gameplay | intel i5 ًں–¥ Freefire,ii2guo6j9IA,198.webp
IMPOSSIBLEًںژ¯LOBBYًںک± 31 Killsًں’ھ 99% Headshot Rate | Solo Vs Squad Full Gameplay | intel i5 ًں–¥ Freefire,w_rdBd2B1lk,199.webp
31 killsًں’ھWOODPECER+MP40 99% Headshot Rateâڑ،| Solo Vs Squad Full Gameplay | intel i5 ًں–¥ Freefire,fjXmtu4fOv4,200.webp
PEAK KINGًں‘‘29 Killsًں’ھXM8+MP40 99% Headshot Rateâڑ،| Solo Vs Squad Full Gameplay | intel i5 ًں–¥ Freefire,l3lrtVA99R4,201.webp
Grandmaster Lobbyًںک±XM8+UMP 99% Headshot Rateâڑ،| Solo Vs Squad Full Gameplay | intel i5 ًں–¥ Freefire,ilEROLSRAqM,202.webp
Grandmaster Lobbyًںک±99% Headshot Rateâڑ،| Solo Vs Squad Full Gameplay | intel i5 ًں–¥ Freefire,XGUbG3wiWH0,203.webp
31 killsًں’ھWOODPECER+MP40 99% Headshot Rateâڑ،| Solo Vs Squad Full Gameplay | intel i5 ًں–¥ Freefire,v6KBm3WwkXQ,204.webp
Grandmaster Lobbyًںک±41 Killsًں’ھ99% Headshot Rateâڑ،| Solo Vs Squad Full Gameplay | intel i5 ًں–¥ Freefire,rEVo2b92Y64,205.webp
PEAK KINGًں‘‘M4A1 + MACO10 99% Headshot Rateâڑ،| Solo Vs Squad Full Gameplay | intel i5 ًں–¥ Freefire,djIGLKD_leI,206.webp
Grandmaster Lobbyًںک±41 Killsًں’ھ99% Headshot Rateâڑ،| Solo Vs Squad Full Gameplay | intel i5 ًں–¥ Freefire,hH2epHtupic,207.webp
PEAK KINGًں‘‘M4A1 + MACO10 99% Headshot Rateâڑ،| Solo Vs Squad Full Gameplay | intel i5 ًں–¥ Freefire,kzbdR9Nay5s,208.webp
Mind Game ًں§ SVD-Y + UMP 99% Headshot Rateâڑ،| Solo Vs Squad Full Gameplay | intel i5 ًں–¥ Freefire,LdYGwJhTGjI,209.webp
PEAK KINGًں‘‘M4A1 + MACO10 99% Headshot Rateâڑ،| Solo Vs Squad Full Gameplay | intel i5 ًں–¥ Freefire,zkAnNWgb80g,210.webp
HARD LOBBY âک ï¸ڈWOODPECKER + M1887 ًںکˆ0% HEADSHOT RATE || SOLO VS SQUAD FREE FIREًں‘؟|| iPad 9th generationًں“²,Q8qZMsF6Z6I,211.webp
Grandmaster Lobbyًںک±41 Killsًں’ھ99% Headshot Rateâڑ،| Solo Vs Squad Full Gameplay | intel i5 ًں–¥ Freefire,erKkeLng_zk,212.webp
Ankush ff record breakًںک±33 kills 99% Headshot Rate âڑ،ï¸ڈ| Solo Vs Squad Full Gameplay | intel i5 ًں–¥,-Ybn07VRDIQ,213.webp
HARD LOBBYًںک±M14+UMP 99% Headshot Rateâڑ،| Solo Vs Squad Full Gameplay | intel i5 ًں–¥ Freefire,SsSMEHCLY8s,214.webp
PEAK KINGًں‘‘M4A1 + MACO10 99% Headshot Rateâڑ،| Solo Vs Squad Full Gameplay | intel i5 ًں–¥ Freefire,FPsRMy3MeIQ,215.webp
31 killsًں’ھWOODPECER+MP40 99% Headshot Rateâڑ،| Solo Vs Squad Full Gameplay | intel i5 ًں–¥ Freefire,K5kbp8rGgMs,216.webp
Mind Game ًں§ SVD-Y + UMP 99% Headshot Rateâڑ،| Solo Vs Squad Full Gameplay | intel i5 ًں–¥ Freefire,1zG-1HH1krk,217.webp
PEAK KINGًں‘‘M4A1 + MACO10 99% Headshot Rateâڑ،| Solo Vs Squad Full Gameplay | intel i5 ًں–¥ Freefire,K901epkMobo,218.webp
Grandmaster Lobbyًںک±41 Killsًں’ھ99% Headshot Rateâڑ،| Solo Vs Squad Full Gameplay | intel i5 ًں–¥ Freefire,TgfPRuQ4SEQ,219.webp
Grandmaster Lobbyًںک±99% Headshot Rateâڑ،| Solo Vs Squad Full Gameplay | intel i5 ًں–¥ Freefire,KVuHltwJyzw,220.webp
31 killsًں’ھM14 + MACO10 99% Headshot Rateâڑ،| Solo Vs Squad Full Gameplay | intel i5 ًں–¥ Freefire,CRHt9kBGjfM,221.webp
Grandmaster Lobbyًںک±32 Kills ًں’ھ99% Headshot Rateâڑ،| Solo Vs Squad Full Gameplay | intel i5 ًں–¥ Freefire,pNFCvQUQcsY,222.webp
Grandmaster Lobbyًںک±41 Killsًں’ھ99% Headshot Rateâڑ،| Solo Vs Squad Full Gameplay | intel i5 ًں–¥ Freefire,Fsctmrn7US4,223.webp
Mind Game ًں§ SVD-Y + UMP 99% Headshot Rateâڑ،| Solo Vs Squad Full Gameplay | intel i5 ًں–¥ Freefire,UJaqKUSzmRg,224.webp
PEAK KINGًں‘‘M4A1 + MACO10 99% Headshot Rateâڑ،| Solo Vs Squad Full Gameplay | intel i5 ًں–¥ Freefire,SsVePw6L974,225.webp
31 killsًں’ھWOODPECER+MP40 99% Headshot Rateâڑ،| Solo Vs Squad Full Gameplay | intel i5 ًں–¥ Freefire,ghrPgSkYZW8,226.webp
Grandmaster Lobbyًںک±41 Killsًں’ھ99% Headshot Rateâڑ،| Solo Vs Squad Full Gameplay | intel i5 ًں–¥ Freefire,QXcsdEog0GA,227.webp
Grandmaster Lobbyًںک±31 Killsًں’ھ99% Headshot Rateâڑ،| Solo Vs Squad Full Gameplay | intel i5 ًں–¥ Freefire,vd8mFKhsVhE,228.webp
23 kills ًں’ھXM8+M1887 99% Headshot Rate âڑ،| Solo Vs Squad Full Gameplay | intel i5 ًں–¥ Freefire,LZPzIdJs68E,229.webp
31 kills ًں’ھWOODPECKER + UMP 99% Headshot Rate âڑ،| Solo Vs Squad Full Gameplay | intel i5 ًں–¥ Freefire,KJH-TVaAfj0,230.webp
Grandmaster Lobbyًںک±31 Killsًں’ھ99% Headshot Rateâڑ،| Solo Vs Squad Full Gameplay | intel i5 ًں–¥ Freefire,J5posvznuPk,231.webp
31 killsًں’ھWOODPECER+MP40 99% Headshot Rateâڑ،| Solo Vs Squad Full Gameplay | intel i5 ًں–¥ Freefire,367mHwutOA0,232.webp
35 kills ًں’ھWhite444 99% Headshot Rate âڑ،| duo Vs Squad Full Gameplay | Poco x3 Pro x iPhone 13ًں“² Free,FnMRnZ2c2MY,233.webp
Fly Hacker in My Game | Solo Vs Squad Full Gameplay | Must Watch Garena Free Fire,Srau5DQWPBE,234.webp
18 kills ًں’ھWOODPEAKER +UMP 99% Headshot Rate âڑ،| Duo Vs Squad Full Gameplay | intel i5 ًں–¥ Freefire,toFGW3imHsY,235.webp
ًں’ھALL WEAPON KING ًںکچ 99% Headshot Rate âڑ،| Solo Vs Squad Full Gameplay | ipad 5th gen â¬›ï¸ڈ!,UtEOvjqE2mk,236.webp
BAD DAY ًںک¥ 99% Headshot Rate âڑ،| Solo Vs Squad Full Gameplay | intel i5 ًں–¥ Freefire,E1roNC2kKa0,237.webp
23 kills ًں’ھM4A1+MP40 99% Headshot Rate âڑ،| Solo Vs Squad Full Gameplay | intel i5 ًں–¥ Freefire,Ac0jhg7LGAA,238.webp
27 kills ًں’ھSVD+M1887 99% Headshot Rate âڑ،| Solo Vs Squad Full Gameplay | intel i5 ًں–¥ Freefire,qKhpwL5AN-Y,239.webp
UMP KING ًں‘‘ 99% Headshot Rate âڑ،| Solo Vs Squad Full Gameplay | intel i5 ًں–¥ Freefire,_Wy6vNdQqIs,240.webp
BOOYAH ًںک¥ 99% Headshot Rate âڑ،| Solo Vs Squad Full Gameplay | intel i5 ًں–¥ Freefire,xt65ryDYkDM,241.webp
GAME KING ًں‘‘ 99% Headshot Rate âڑ،| Solo Vs Squad Full Gameplay | intel i5 ًں–¥ Freefire,ALBLipYsRfc,242.webp
25 kills ًں’ھXM8  +UMP 99% Headshot Rate âڑ،| Solo Vs Squad Full Gameplay | intel i5 ًں–¥ Freefire,lPiV8y5xcaw,243.webp
24 kills ًں’ھSVD +MP40 99% Headshot Rate âڑ،| Solo Vs Squad Full Gameplay | intel i5 ًں–¥ Freefire,tVWcFQGBS6g,244.webp
23 kills ًں’ھXM8 +M1887 99% Headshot Rateâڑ،| Solo Vs Squad Facecam Full Gameplay | intel i5 ًں–¥ Freefire,vvVGdOW0dZI,245.webp
WOODPEAKER  25 kills ًں’ھWOODPEAKER +MP40 99% Headshot Rate âڑ،| Solo Vs Squad Full Gameplay | freefire,0jGj9Q8X3nw,246.webp
ًں’ڑThanks for watching.If you like this video, comment down your best part and share it,SV_ip3Vr21g,247.webp
25 kills ًں’ھWOODPEAKER +UMP 99% Headshot Rate âڑ،| Duo Vs Squad Full Gameplay | intel i5 ًں–¥ Freefire,f-yFbQhw0EQ,248.webp
20 kills ًں’ھWOODPEAKER +UMP 99% Headshot Rate âڑ،| Duo Vs Squad Full Gameplay | intel i5 ًں–¥ Freefire,CIQxHdbal_8,249.webp
20 kills ًں’ھWOODPEAKER +UMP 99% Headshot Rate âڑ،| Duo Vs Squad Full Gameplay | intel i5 ًں–¥ Freefire,-p-9lxG89a0,250.webp
18 kills ًں’ھWOODPEAKER +UMP 99% Headshot Rate âڑ،| Duo Vs Squad Full Gameplay | intel i5 ًں–¥ Freefire,zMCbYEzhmD8,251.webp
25 kills ًں’ھWOODPEAKER +UMP 99% Headshot Rate âڑ،| Duo Vs Squad Full Gameplay | intel i5 ًں–¥ Freefire,jlHc_N9Mcmg,252.webp
Destroy grandmaster Lobby ًں¥µ 99% Headshot Rate âڑ،| Solo Vs Squad Full Gameplay | intel i5 ًں–¥ Freefire,cViIDOOFU1c,253.webp
18 kills ًں’ھWOODPEAKER +UMP 99% Headshot Rate âڑ،| Duo Vs Squad Full Gameplay | intel i5 ًں–¥ Freefire,_afGdtRUBtw,254.webp
18 kills ًں’ھWOODPEAKER +UMP 99% Headshot Rate âڑ،| Duo Vs Squad Full Gameplay | intel i5 ًں–¥ Freefire,zPho5KREEuY,255.webp
18 kills ًں’ھWOODPEAKER +UMP 99% Headshot Rate âڑ،| Duo Vs Squad Full Gameplay | intel i5 ًں–¥ Freefire,PrNQVUSC98A,256.webp
18 kills ًں’ھWOODPEAKER +UMP 99% Headshot Rate âڑ،| Duo Vs Squad Full Gameplay | intel i5 ًں–¥ Freefire,aWvRieaskPA,257.webp
18 kills ًں’ھWOODPEAKER +UMP 99% Headshot Rate âڑ،| Duo Vs Squad Full Gameplay | intel i5 ًں–¥ Freefire,2Im5aXHZiOo,258.webp
18 kills ًں’ھWOODPEAKER +UMP 99% Headshot Rate âڑ،| Duo Vs Squad Full Gameplay | intel i5 ًں–¥ Freefire,jqmcBlYP7nY,259.webp
18 kills ًں’ھWOODPEAKER +UMP 99% Headshot Rate âڑ،| Duo Vs Squad Full Gameplay | intel i5 ًں–¥ Freefire,trdWOrQKChM,260.webp
18 kills ًں’ھWOODPEAKER +UMP 99% Headshot Rate âڑ،| Duo Vs Squad Full Gameplay | intel i5 ًں–¥ Freefire,RboKYjvyeo4,261.webp
18 kills ًں’ھWOODPEAKER +UMP 99% Headshot Rate âڑ،| Duo Vs Squad Full Gameplay | intel i5 ًں–¥ Freefire,LBdInke5jwc,262.webp
18 kills ًں’ھWOODPEAKER +UMP 99% Headshot Rate âڑ،| Duo Vs Squad Full Gameplay | intel i5 ًں–¥ Freefire,qWIQ_cExrVY,263.webp
23 kills ًں’ھXM8 +M1887 99% Headshot Rateâڑ،| Solo Vs Squad Facecam Full Gameplay | intel i5 ًں–¥ Freefire,YTmRxZWIfzk,264.webp
23 kills ًں’ھXM8 +M1887 99% Headshot Rateâڑ،| Solo Vs Squad Facecam Full Gameplay | intel i5 ًں–¥ Freefire,aFM1UAYajwY,265.webp
23 kills ًں’ھXM8 +M1887 99% Headshot Rateâڑ،| Solo Vs Squad Facecam Full Gameplay | intel i5 ًں–¥ Freefire,u5fBFWzMWfY,266.webp
2 finger facecam gameplay solo vs squad iqoo neo 6 90fps 260hz zaid ff 99 6 years experience#shorts,Xu896Y_AZDI,267.webp
20 kills ًں’ھXM8 +UMP 99% Headshot Rateâڑ،| Solo Vs Squad Facecam Full Gameplay | intel i5 ًں–¥ Freefire,gZUvvL2NXTI,268.webp
20 kills ًں’ھXM8 +M1887 99% Headshot Rateâڑ،| Solo Vs Squad Facecam Full Gameplay | intel i5 ًں–¥ Freefire,M9F1LE-zTEI,269.webp
20 kills ًں’ھXM8 +M1887 99% Headshot Rateâڑ،| Solo Vs Squad Facecam Full Gameplay | intel i5 ًں–¥ Freefire,vvKbzAOsDac,270.webp
20 kills ًں’ھXM8 +M1887 99% Headshot Rateâڑ،| Solo Vs Squad Facecam Full Gameplay | intel i5 ًں–¥ Freefire,99DKTigfTGo,271.webp
20 kills ًں’ھXM8 +M1887 99% Headshot Rateâڑ،| Solo Vs Squad Facecam Full Gameplay | intel i5 ًں–¥ Freefire,QxAqSmWNPsY,272.webp
24 kills ًں’ھXM8 +M1887 99% Headshot Rateâڑ،| Solo Vs Squad Facecam Full Gameplay | intel i5 ًں–¥ Freefire,rF3b6xOHyIA,273.webp
23 kills ًں’ھXM8 +M1887 99% Headshot Rateâڑ،| Solo Vs Squad Facecam Full Gameplay | intel i5 ًں–¥ Freefire,Pdig8DrUAeA,274.webp
25 KILLS ًں« NEVER GIVE UP ًںک’99% Headshot Rateâڑ،| Solo Vs Squad Full Gameplay | intel i5 ًں–¥ Freefire,-ji27y2q43k,275.webp
OLD FREE FIRE 23 kills ًں’ھ 99% Headshot Rate âڑ،| Solo Vs Squad Full Gameplay | intel i5 ًں–¥ Freefire,Bgz0STWzb3E,276.webp
18 kills ًں’ھWOODPECKER + M1887 99% Headshot Rateâڑ،| Solo Vs Squad Full Gameplay | intel i5 ًں–¥ Freefire,-vWtUUUlFSc,277.webp
21 kills ًں’ھWOODPECKER + UMP  99% Headshot Rate âڑ،| Solo Vs Squad Full Gameplay | intel i5 ًں–¥ Freefire,EBVbwyqPA_0,278.webp
23 kills ًں’ھSVD + UMP  99% Headshot Rate âڑ،| Solo Vs Squad Full Gameplay | intel i5 ًں–¥ Freefire,hQWEYjrYoqc,279.webp
23 kills ًں’ھXM8 +M1887 99% Headshot Rate âڑ،| Solo Vs Squad Full Gameplay | intel i5 ًں–¥ Freefire,Zxs38TkEYw0,280.webp
15 kills ًں’ھWOODPEAKER +MP40 99% Headshot Rate âڑ،| Solo Vs Squad Full Gameplay | intel i5 ًں–¥ Freefire,lx8X8Cs1INM,281.webp
15 kills ًں’ھWOODPEAKER +MP40 99% Headshot Rate âڑ،| Solo Vs Squad Full Gameplay | intel i5 ًں–¥ Freefire,eamYE8gWL2g,282.webp
Hard Lobby ًں”¥ Solo Vs Squad ًںھ‚ [ Full Gameplay ] iPhoneâڑ،Poco X3 Proًں“² | #freefire,hXFX0SbGqb0,283.webp
NEW IPAD 9TH GENERATION SOLO VS SQUAD GAMEPLAY ًں¥µ GARENA FREE FIRE ًں”¥#FREEFIRE,LEKY-LkVz04,284.webp
Hard Lobby ًں”¥ Solo Vs Squad ًںھ‚ [ Full Gameplay ] iPhoneâڑ،Poco X3 Proًں“² | #1,ypy7v4zKVaU,285.webp
MOBILE FULL HANG ًںک،TOP 1 BOOYAH MISSED ًںک°WHAT HAPPENED? | GARENA FREE FIRE SOLO VS SQUAD | #1,JVJM8AZQ1h4,286.webp
XXXTentacion - Changes â‌¤ï¸ڈ FF Satisfaction,mT2mcMVWe-I,287.webp
ًں’ھ M14+M1887 99% Headshot Rate âڑ،| Solo Vs Squad Full Gameplay |Poco x3 Pro ًں“² Free#freefire,kOCX0mavZyg,288.webp
20kills ًں’ھ M14+M1887 99% Headshot Rate âڑ،| Solo Vs Squad Full Gameplay |Poco x3 Pro ًں“² Free#freefire,tGu5LbwvVAo,289.webp
20kills ًں’ھ M14+M1887 99% Headshot Rate âڑ،| Solo Vs Squad Full Gameplay |Poco x3 Pro ًں“² Free#freefire,wrnel3hDqts,290.webp
20kills ًں’ھ M14+M1887 99% Headshot Rate âڑ،| Solo Vs Squad Full Gameplay |Poco x3 Pro ًں“² Free#freefire,koIybEcX_wc,291.webp
22 kills ًں’ھ M14+M1887 99% Headshot Rate âڑ،| Solo Vs Squad Full Gameplay |Poco x3 Pro ًں“² Free#freefire,-8oNdg8WU-w,292.webp
20kills ًں’ھ M14+M1887 99% Headshot Rate âڑ،| Solo Vs Squad Full Gameplay |Poco x3 Pro ًں“² Free#freefire,_bfj8xiEB0M,293.webp
20kills ًں’ھ M14+M1887 99% Headshot Rate âڑ،| Solo Vs Squad Full Gameplay |Poco x3 Pro ًں“² Free#freefire,flOX2bm8kkU,294.webp
14kills ًں’ھ M14+M1887 99% Headshot Rate âڑ،| Solo Vs Squad Full Gameplay |Poco x3 Pro ًں“² Free#freefire,VvpXT--itd8,295.webp
18kills ًں’ھ M14+M1887 99% Headshot Rate âڑ،| Solo Vs Squad Full Gameplay |Poco x3 Pro ًں“² Free#freefire,UtDlmcZ29cw,296.webp
22 Kills ًں’ھInsane 90% Headshot Rate âڑ،ï¸ڈSolo VS Squad Full Gameplay | Poco x3 Pro VS IPhone 13 ًں¤”,Zi2tLgpnmt4,297.webp
WHITE 444 99% HEADSHOTS RATE ? EPIC MATCH 1VS4 GAMEPLAY @TMT_OFFICIAL-y2x,l9ZtGziaX6Q,298.webp
27 kills ًں’ھ PARAFALL+MP40 99% Headshot Rate âڑ،| Solo Vs Squad Full Gameplay | Poco x3 Pro ًں“² Freefire,uSZ1_vXT0R4,299.webp
WOODPECKER 99% Headshot Rate âڑ،| Solo Vs Squad Full Gameplay | Poco x3 Pro x iPhone 13ًں“² Freefire,HalA341E60k,300.webp